{
  "sector_definitions": [
    {
      "sector_id": "DMNH",
      "lower_limit": 0,
      "higher_limit": 19500,
      "polygon": [
        [48.669444444444, 11.183333333333],
        [48.667777777778, 11.320833333333],
        [48.667777777778, 11.511666666667],
        [48.6675, 11.794166666667],
        [48.667222222222, 12.144722222222],
        [48.666666666667, 12.24],
        [48.581944444444, 12.573888888889],
        [48.414166666667, 12.614444444444],
        [48.353888888889, 11.786111111111],
        [48.290833333333, 11.0],
        [48.305833333333, 11.0],
        [48.363888888889, 11.0],
        [48.395277777778, 10.953888888889],
        [48.433333333333, 10.896944444444],
        [48.505555555556, 10.7875],
        [48.585, 10.85],
        [48.624444444444, 10.904444444444],
        [48.666666666667, 10.966666666667],
        [48.669444444444, 11.183333333333]
      ]
    }
  ]
}
